PRAGMA foreign_keys=OFF;
BEGIN TRANSACTION;
CREATE TABLE `tickets` (`id` integer PRIMARY KEY AUTOINCREMENT, `event_id` integer, `unit_price` numeric, `quantity` integer, `origin` varchar(255), `cart_id` integer, `user_id` integer, `picked_number` integer, `created_at` timestamp NOT NULL, `updated_at` timestamp NOT NULL);
INSERT INTO "tickets" VALUES(3,1,0,1,'answered',3,1,27,'2013-05-23 00:33:09.123428+0000','2013-05-23 00:40:42.962185+0000');
INSERT INTO "tickets" VALUES(4,1,0,1,'answered',2,2,6,'2013-05-23 00:42:29.976993+0000','2013-05-23 00:42:38.121290+0000');
CREATE TABLE `answer_translations` (`id` integer PRIMARY KEY AUTOINCREMENT, `answer_id` integer, `locale` varchar(255), `answer_text` varchar(255), `description` text, `created_at` timestamp NOT NULL, `updated_at` timestamp NOT NULL);
INSERT INTO "answer_translations" VALUES(1,1,'pt-BR','Resposta nao usar','','2013-05-19 15:38:52.636766+0000','2013-05-19 16:04:19.376467+0000');
INSERT INTO "answer_translations" VALUES(2,1,'en-US','','','2013-05-19 15:38:52.640924+0000','2013-05-19 15:38:52.652657+0000');
INSERT INTO "answer_translations" VALUES(3,1,'pt-br',NULL,NULL,'2013-05-19 15:38:52.653322+0000','2013-05-19 15:38:52.653322+0000');
INSERT INTO "answer_translations" VALUES(4,1,'pt',NULL,NULL,'2013-05-19 15:38:52.654002+0000','2013-05-19 15:38:52.654002+0000');
INSERT INTO "answer_translations" VALUES(5,2,'pt-BR','Somente Pagos','','2013-05-19 16:05:08.501532+0000','2013-05-20 19:59:17.940147+0000');
INSERT INTO "answer_translations" VALUES(6,2,'en-US','','','2013-05-19 16:05:08.504924+0000','2013-05-19 16:05:08.521671+0000');
INSERT INTO "answer_translations" VALUES(7,2,'pt-br',NULL,NULL,'2013-05-19 16:05:08.522311+0000','2013-05-19 16:05:08.522311+0000');
INSERT INTO "answer_translations" VALUES(8,2,'pt',NULL,NULL,'2013-05-19 16:05:08.522956+0000','2013-05-19 16:05:08.522956+0000');
INSERT INTO "answer_translations" VALUES(9,3,'pt-br',NULL,NULL,'2013-05-19 16:05:08.530336+0000','2013-05-19 16:05:08.530336+0000');
INSERT INTO "answer_translations" VALUES(10,3,'pt',NULL,NULL,'2013-05-19 16:05:08.530991+0000','2013-05-19 16:05:08.530991+0000');
INSERT INTO "answer_translations" VALUES(11,3,'pt-BR','Somente Promocionais','','2013-05-19 16:05:08.531593+0000','2013-05-20 19:59:17.944365+0000');
INSERT INTO "answer_translations" VALUES(12,3,'en-US','','','2013-05-19 16:05:26.849599+0000','2013-05-19 16:05:26.849599+0000');
INSERT INTO "answer_translations" VALUES(13,4,'pt-BR','Pagos e Promocionais','','2013-05-20 19:59:17.948563+0000','2013-05-20 19:59:53.419547+0000');
INSERT INTO "answer_translations" VALUES(14,4,'en-US','','','2013-05-20 19:59:17.952025+0000','2013-05-20 19:59:17.970393+0000');
INSERT INTO "answer_translations" VALUES(15,4,'pt-br',NULL,NULL,'2013-05-20 19:59:17.970880+0000','2013-05-20 19:59:17.970880+0000');
INSERT INTO "answer_translations" VALUES(16,4,'pt',NULL,NULL,'2013-05-20 19:59:17.971494+0000','2013-05-20 19:59:17.971494+0000');
INSERT INTO "answer_translations" VALUES(17,5,'pt-BR','Nenhum','','2013-05-20 19:59:53.423492+0000','2013-05-20 19:59:53.439066+0000');
INSERT INTO "answer_translations" VALUES(18,5,'en-US','','','2013-05-20 19:59:53.426694+0000','2013-05-20 19:59:53.439696+0000');
INSERT INTO "answer_translations" VALUES(19,5,'pt-br',NULL,NULL,'2013-05-20 19:59:53.440308+0000','2013-05-20 19:59:53.440308+0000');
INSERT INTO "answer_translations" VALUES(20,5,'pt',NULL,NULL,'2013-05-20 19:59:53.440918+0000','2013-05-20 19:59:53.440918+0000');
INSERT INTO "answer_translations" VALUES(21,6,'pt-BR','10 Reais por ticket','','2013-05-20 20:00:47.842042+0000','2013-05-20 20:01:53.375866+0000');
INSERT INTO "answer_translations" VALUES(22,6,'en-US','','','2013-05-20 20:00:47.851617+0000','2013-05-20 20:00:47.932744+0000');
INSERT INTO "answer_translations" VALUES(23,6,'pt-br',NULL,NULL,'2013-05-20 20:00:47.933341+0000','2013-05-20 20:00:47.933341+0000');
INSERT INTO "answer_translations" VALUES(24,6,'pt',NULL,NULL,'2013-05-20 20:00:47.933979+0000','2013-05-20 20:00:47.933979+0000');
INSERT INTO "answer_translations" VALUES(25,7,'pt-br',NULL,NULL,'2013-05-20 20:00:47.940633+0000','2013-05-20 20:00:47.940633+0000');
INSERT INTO "answer_translations" VALUES(26,7,'pt',NULL,NULL,'2013-05-20 20:00:47.941244+0000','2013-05-20 20:00:47.941244+0000');
INSERT INTO "answer_translations" VALUES(27,7,'pt-BR','1 real por ticket','','2013-05-20 20:00:47.941803+0000','2013-05-20 20:01:53.379341+0000');
INSERT INTO "answer_translations" VALUES(28,8,'pt-br',NULL,NULL,'2013-05-20 20:00:47.947895+0000','2013-05-20 20:00:47.947895+0000');
INSERT INTO "answer_translations" VALUES(29,8,'pt',NULL,NULL,'2013-05-20 20:00:47.948532+0000','2013-05-20 20:00:47.948532+0000');
INSERT INTO "answer_translations" VALUES(30,8,'pt-BR','Não custa nada tentar.','','2013-05-20 20:00:47.949083+0000','2013-05-20 20:01:53.385711+0000');
INSERT INTO "answer_translations" VALUES(31,9,'pt-br',NULL,NULL,'2013-05-20 20:00:47.955140+0000','2013-05-20 20:00:47.955140+0000');
INSERT INTO "answer_translations" VALUES(32,9,'pt',NULL,NULL,'2013-05-20 20:00:47.955758+0000','2013-05-20 20:00:47.955758+0000');
INSERT INTO "answer_translations" VALUES(33,9,'pt-BR','Nenhum','','2013-05-20 20:00:47.956315+0000','2013-05-20 20:01:53.392118+0000');
INSERT INTO "answer_translations" VALUES(34,7,'en-US','','','2013-05-20 20:01:53.382315+0000','2013-05-20 20:01:53.382315+0000');
INSERT INTO "answer_translations" VALUES(35,8,'en-US','','','2013-05-20 20:01:53.388832+0000','2013-05-20 20:01:53.388832+0000');
INSERT INTO "answer_translations" VALUES(36,9,'en-US','','','2013-05-20 20:01:53.395126+0000','2013-05-20 20:01:53.395126+0000');
INSERT INTO "answer_translations" VALUES(37,10,'pt-BR','Sim, se ninguém acertar o número objetivo, o prêmio acumula.','','2013-05-20 20:02:34.985153+0000','2013-05-20 20:03:51.360735+0000');
INSERT INTO "answer_translations" VALUES(38,10,'en-US','','','2013-05-20 20:02:34.995108+0000','2013-05-20 20:02:35.014394+0000');
INSERT INTO "answer_translations" VALUES(39,10,'pt-br',NULL,NULL,'2013-05-20 20:02:35.014953+0000','2013-05-20 20:02:35.014953+0000');
INSERT INTO "answer_translations" VALUES(40,10,'pt',NULL,NULL,'2013-05-20 20:02:35.015545+0000','2013-05-20 20:02:35.015545+0000');
INSERT INTO "answer_translations" VALUES(41,11,'pt-br',NULL,NULL,'2013-05-20 20:02:35.021760+0000','2013-05-20 20:02:35.021760+0000');
INSERT INTO "answer_translations" VALUES(42,11,'pt',NULL,NULL,'2013-05-20 20:02:35.022363+0000','2013-05-20 20:02:35.022363+0000');
INSERT INTO "answer_translations" VALUES(43,11,'pt-BR','2)	Não, sempre haverá um vencedor, pois vale o número único mais próximo do número objetivo.','','2013-05-20 20:02:35.023024+0000','2013-05-20 20:03:51.364581+0000');
INSERT INTO "answer_translations" VALUES(44,12,'pt-br',NULL,NULL,'2013-05-20 20:02:35.029947+0000','2013-05-20 20:02:35.029947+0000');
INSERT INTO "answer_translations" VALUES(45,12,'pt',NULL,NULL,'2013-05-20 20:02:35.030584+0000','2013-05-20 20:02:35.030584+0000');
INSERT INTO "answer_translations" VALUES(46,12,'pt-BR','Todos ganham.','','2013-05-20 20:02:35.031206+0000','2013-05-20 20:03:51.371141+0000');
INSERT INTO "answer_translations" VALUES(47,13,'pt-br',NULL,NULL,'2013-05-20 20:02:35.037527+0000','2013-05-20 20:02:35.037527+0000');
INSERT INTO "answer_translations" VALUES(48,13,'pt',NULL,NULL,'2013-05-20 20:02:35.038139+0000','2013-05-20 20:02:35.038139+0000');
INSERT INTO "answer_translations" VALUES(49,13,'pt-BR','Nenhum','','2013-05-20 20:02:35.038703+0000','2013-05-20 20:03:51.377152+0000');
INSERT INTO "answer_translations" VALUES(50,11,'en-US','','','2013-05-20 20:03:51.367756+0000','2013-05-20 20:03:51.367756+0000');
INSERT INTO "answer_translations" VALUES(51,12,'en-US','','','2013-05-20 20:03:51.373944+0000','2013-05-20 20:03:51.373944+0000');
INSERT INTO "answer_translations" VALUES(52,13,'en-US','','','2013-05-20 20:03:51.380250+0000','2013-05-20 20:03:51.380250+0000');
INSERT INTO "answer_translations" VALUES(53,14,'pt-BR','É o número base para decidir quem é o vencedor do evento.','','2013-05-20 20:04:43.698404+0000','2013-05-20 20:05:46.477357+0000');
INSERT INTO "answer_translations" VALUES(54,14,'en-US','','','2013-05-20 20:04:43.708225+0000','2013-05-20 20:04:43.727903+0000');
INSERT INTO "answer_translations" VALUES(55,14,'pt-br',NULL,NULL,'2013-05-20 20:04:43.728492+0000','2013-05-20 20:04:43.728492+0000');
INSERT INTO "answer_translations" VALUES(56,14,'pt',NULL,NULL,'2013-05-20 20:04:43.729108+0000','2013-05-20 20:04:43.729108+0000');
INSERT INTO "answer_translations" VALUES(57,15,'pt-br',NULL,NULL,'2013-05-20 20:04:43.735617+0000','2013-05-20 20:04:43.735617+0000');
INSERT INTO "answer_translations" VALUES(58,15,'pt',NULL,NULL,'2013-05-20 20:04:43.736273+0000','2013-05-20 20:04:43.736273+0000');
INSERT INTO "answer_translations" VALUES(59,15,'pt-BR','É o número vencedor','','2013-05-20 20:04:43.736845+0000','2013-05-20 20:05:46.480790+0000');
INSERT INTO "answer_translations" VALUES(60,16,'pt-br',NULL,NULL,'2013-05-20 20:04:43.743104+0000','2013-05-20 20:04:43.743104+0000');
INSERT INTO "answer_translations" VALUES(61,16,'pt',NULL,NULL,'2013-05-20 20:04:43.743712+0000','2013-05-20 20:04:43.743712+0000');
INSERT INTO "answer_translations" VALUES(62,16,'pt-BR','Nenhum','','2013-05-20 20:04:43.744278+0000','2013-05-20 20:05:46.486706+0000');
INSERT INTO "answer_translations" VALUES(66,15,'en-US','','','2013-05-20 20:05:46.483495+0000','2013-05-20 20:05:46.483495+0000');
INSERT INTO "answer_translations" VALUES(67,16,'en-US','','','2013-05-20 20:05:46.489751+0000','2013-05-20 20:05:46.489751+0000');
INSERT INTO "answer_translations" VALUES(69,18,'pt-BR','1)	É a soma dos 6 números sorteados no concurso da mega sena pré definido em cada evento.','','2013-05-20 20:06:34.573640+0000','2013-05-20 20:07:50.642856+0000');
INSERT INTO "answer_translations" VALUES(70,18,'en-US','','','2013-05-20 20:06:34.576824+0000','2013-05-20 20:06:34.596004+0000');
INSERT INTO "answer_translations" VALUES(71,18,'pt-br',NULL,NULL,'2013-05-20 20:06:34.596559+0000','2013-05-20 20:06:34.596559+0000');
INSERT INTO "answer_translations" VALUES(72,18,'pt',NULL,NULL,'2013-05-20 20:06:34.597148+0000','2013-05-20 20:06:34.597148+0000');
INSERT INTO "answer_translations" VALUES(73,19,'pt-br',NULL,NULL,'2013-05-20 20:06:34.603347+0000','2013-05-20 20:06:34.603347+0000');
INSERT INTO "answer_translations" VALUES(74,19,'pt',NULL,NULL,'2013-05-20 20:06:34.603938+0000','2013-05-20 20:06:34.603938+0000');
INSERT INTO "answer_translations" VALUES(75,19,'pt-BR','É um número aleatório escolhido pela ePickOne','','2013-05-20 20:06:34.604491+0000','2013-05-20 20:07:50.646527+0000');
INSERT INTO "answer_translations" VALUES(76,20,'pt-br',NULL,NULL,'2013-05-20 20:06:34.610722+0000','2013-05-20 20:06:34.610722+0000');
INSERT INTO "answer_translations" VALUES(77,20,'pt',NULL,NULL,'2013-05-20 20:06:34.611389+0000','2013-05-20 20:06:34.611389+0000');
INSERT INTO "answer_translations" VALUES(78,20,'pt-BR','É o número que você escolher.','','2013-05-20 20:06:34.611969+0000','2013-05-20 20:07:50.652602+0000');
INSERT INTO "answer_translations" VALUES(79,21,'pt-br',NULL,NULL,'2013-05-20 20:06:34.618290+0000','2013-05-20 20:06:34.618290+0000');
INSERT INTO "answer_translations" VALUES(80,21,'pt',NULL,NULL,'2013-05-20 20:06:34.618901+0000','2013-05-20 20:06:34.618901+0000');
INSERT INTO "answer_translations" VALUES(81,21,'pt-BR','Nenhum','','2013-05-20 20:06:34.619465+0000','2013-05-20 20:07:50.658904+0000');
INSERT INTO "answer_translations" VALUES(82,19,'en-US','','','2013-05-20 20:07:50.649336+0000','2013-05-20 20:07:50.649336+0000');
INSERT INTO "answer_translations" VALUES(83,20,'en-US','','','2013-05-20 20:07:50.655537+0000','2013-05-20 20:07:50.655537+0000');
INSERT INTO "answer_translations" VALUES(84,21,'en-US','','','2013-05-20 20:07:50.661818+0000','2013-05-20 20:07:50.661818+0000');
INSERT INTO "answer_translations" VALUES(85,22,'pt-BR','1)	É o menor número único mais próximo do número objetivo.','','2013-05-20 20:09:13.000047+0000','2013-05-20 20:12:25.464676+0000');
INSERT INTO "answer_translations" VALUES(86,22,'en-US','','','2013-05-20 20:09:13.003054+0000','2013-05-20 20:09:13.032414+0000');
INSERT INTO "answer_translations" VALUES(87,22,'pt-br',NULL,NULL,'2013-05-20 20:09:13.032897+0000','2013-05-20 20:09:13.032897+0000');
INSERT INTO "answer_translations" VALUES(88,22,'pt',NULL,NULL,'2013-05-20 20:09:13.033510+0000','2013-05-20 20:09:13.033510+0000');
INSERT INTO "answer_translations" VALUES(89,23,'pt-br',NULL,NULL,'2013-05-20 20:09:13.040000+0000','2013-05-20 20:09:13.040000+0000');
INSERT INTO "answer_translations" VALUES(90,23,'pt',NULL,NULL,'2013-05-20 20:09:13.040614+0000','2013-05-20 20:09:13.040614+0000');
INSERT INTO "answer_translations" VALUES(91,23,'pt-BR','É o número que você escolheu.','','2013-05-20 20:09:13.041212+0000','2013-05-20 20:12:25.468414+0000');
INSERT INTO "answer_translations" VALUES(92,24,'pt-br',NULL,NULL,'2013-05-20 20:09:13.047357+0000','2013-05-20 20:09:13.047357+0000');
INSERT INTO "answer_translations" VALUES(93,24,'pt',NULL,NULL,'2013-05-20 20:09:13.048021+0000','2013-05-20 20:09:13.048021+0000');
INSERT INTO "answer_translations" VALUES(94,24,'pt-BR','É o número que a ePickOne quiser.','','2013-05-20 20:09:13.048617+0000','2013-05-20 20:12:25.474628+0000');
INSERT INTO "answer_translations" VALUES(95,25,'pt-br',NULL,NULL,'2013-05-20 20:09:13.054864+0000','2013-05-20 20:09:13.054864+0000');
INSERT INTO "answer_translations" VALUES(96,25,'pt',NULL,NULL,'2013-05-20 20:09:13.055467+0000','2013-05-20 20:09:13.055467+0000');
INSERT INTO "answer_translations" VALUES(97,25,'pt-BR','Nenhum.','','2013-05-20 20:09:13.056026+0000','2013-05-20 20:12:25.480959+0000');
INSERT INTO "answer_translations" VALUES(98,23,'en-US','','','2013-05-20 20:12:25.471533+0000','2013-05-20 20:12:25.471533+0000');
INSERT INTO "answer_translations" VALUES(99,24,'en-US','','','2013-05-20 20:12:25.477661+0000','2013-05-20 20:12:25.477661+0000');
INSERT INTO "answer_translations" VALUES(100,25,'en-US','','','2013-05-20 20:12:25.483702+0000','2013-05-20 20:12:25.483702+0000');
CREATE TABLE `category_translations` (`id` integer PRIMARY KEY AUTOINCREMENT, `category_id` integer, `locale` varchar(255), `title` varchar(255), `description` text, `created_at` timestamp NOT NULL, `updated_at` timestamp NOT NULL);
INSERT INTO "category_translations" VALUES(1,1,'pt-BR','Outros 1','','2013-05-19 16:06:01.196537+0000','2013-05-19 22:05:46.283785+0000');
INSERT INTO "category_translations" VALUES(2,1,'en-US','','','2013-05-19 16:06:01.200346+0000','2013-05-19 16:06:01.208528+0000');
INSERT INTO "category_translations" VALUES(3,1,'pt-br',NULL,NULL,'2013-05-19 16:06:01.209500+0000','2013-05-19 16:06:01.209500+0000');
INSERT INTO "category_translations" VALUES(4,1,'pt',NULL,NULL,'2013-05-19 16:06:01.210242+0000','2013-05-19 16:06:01.210242+0000');
INSERT INTO "category_translations" VALUES(5,2,'pt-BR','Outros 2','','2013-05-19 16:06:13.905725+0000','2013-05-19 22:05:37.574386+0000');
INSERT INTO "category_translations" VALUES(6,2,'en-US','','','2013-05-19 16:06:13.909074+0000','2013-05-19 16:06:13.915417+0000');
INSERT INTO "category_translations" VALUES(7,2,'pt-br',NULL,NULL,'2013-05-19 16:06:13.916035+0000','2013-05-19 16:06:13.916035+0000');
INSERT INTO "category_translations" VALUES(8,2,'pt',NULL,NULL,'2013-05-19 16:06:13.916642+0000','2013-05-19 16:06:13.916642+0000');
INSERT INTO "category_translations" VALUES(9,3,'pt-BR','Promocionais','','2013-05-19 16:06:23.648433+0000','2013-05-19 21:37:26.409579+0000');
INSERT INTO "category_translations" VALUES(10,3,'en-US','','','2013-05-19 16:06:23.651692+0000','2013-05-19 16:06:23.658429+0000');
INSERT INTO "category_translations" VALUES(11,3,'pt-br',NULL,NULL,'2013-05-19 16:06:23.659066+0000','2013-05-19 16:06:23.659066+0000');
INSERT INTO "category_translations" VALUES(12,3,'pt',NULL,NULL,'2013-05-19 16:06:23.659695+0000','2013-05-19 16:06:23.659695+0000');
CREATE TABLE `photos` (`id` integer PRIMARY KEY AUTOINCREMENT, `image_type` varchar(255), `image_file_name` varchar(255), `image_content_type` varchar(255), `image_file_size` integer, `image_updated_at` timestamp, `photable_id` integer, `photable_type` varchar(255), `created_at` timestamp NOT NULL, `updated_at` timestamp NOT NULL);
INSERT INTO "photos" VALUES(1,'banner_bg','epic_bg_banner.png','image/png',84800,'2013-05-19 21:59:47.954600+0000',1,'Event','2013-05-19 21:58:36.168179+0000','2013-05-19 21:59:48.169429+0000');
INSERT INTO "photos" VALUES(2,'banner_image','epick_iphone_banner.png','image/png',286224,'2013-05-19 21:59:48.052205+0000',1,'Event','2013-05-19 21:59:50.721607+0000','2013-05-19 22:00:30.462092+0000');
CREATE TABLE `answers` (`id` integer PRIMARY KEY AUTOINCREMENT, `answer_text` varchar(255), `description` text, `order` integer, `iscorrect` integer, `question_id` integer, `avatar_file_name` varchar(255), `avatar_content_type` varchar(255), `avatar_file_size` integer, `avatar_updated_at` timestamp, `created_at` timestamp NOT NULL, `updated_at` timestamp NOT NULL);
INSERT INTO "answers" VALUES(1,'teste','',NULL,1,1,NULL,NULL,NULL,NULL,'2013-05-19 15:38:52.647835+0000','2013-05-19 15:38:52.647835+0000');
INSERT INTO "answers" VALUES(2,'Resposta 1.1','',NULL,0,2,NULL,NULL,NULL,NULL,'2013-05-19 16:05:08.517100+0000','2013-05-20 19:59:17.959969+0000');
INSERT INTO "answers" VALUES(3,NULL,NULL,NULL,0,2,NULL,NULL,NULL,NULL,'2013-05-19 16:05:08.525742+0000','2013-05-20 19:59:17.963093+0000');
INSERT INTO "answers" VALUES(4,'3)	Pagos e Promocionais','',NULL,1,2,NULL,NULL,NULL,NULL,'2013-05-20 19:59:17.966445+0000','2013-05-20 19:59:53.432688+0000');
INSERT INTO "answers" VALUES(5,'Nenhum','',NULL,0,2,NULL,NULL,NULL,NULL,'2013-05-20 19:59:53.435783+0000','2013-05-20 19:59:53.435783+0000');
INSERT INTO "answers" VALUES(6,'','',NULL,0,3,NULL,NULL,NULL,NULL,'2013-05-20 20:00:47.928627+0000','2013-05-20 20:01:53.401036+0000');
INSERT INTO "answers" VALUES(7,NULL,NULL,NULL,0,3,NULL,NULL,NULL,NULL,'2013-05-20 20:00:47.936588+0000','2013-05-20 20:01:53.404120+0000');
INSERT INTO "answers" VALUES(8,NULL,NULL,NULL,1,3,NULL,NULL,NULL,NULL,'2013-05-20 20:00:47.944056+0000','2013-05-20 20:01:53.407122+0000');
INSERT INTO "answers" VALUES(9,NULL,NULL,NULL,0,3,NULL,NULL,NULL,NULL,'2013-05-20 20:00:47.951293+0000','2013-05-20 20:01:53.409963+0000');
INSERT INTO "answers" VALUES(10,'','',NULL,0,4,NULL,NULL,NULL,NULL,'2013-05-20 20:02:35.010479+0000','2013-05-20 20:03:51.385948+0000');
INSERT INTO "answers" VALUES(11,NULL,NULL,NULL,1,4,NULL,NULL,NULL,NULL,'2013-05-20 20:02:35.017974+0000','2013-05-20 20:03:51.388975+0000');
INSERT INTO "answers" VALUES(12,NULL,NULL,NULL,0,4,NULL,NULL,NULL,NULL,'2013-05-20 20:02:35.025516+0000','2013-05-20 20:03:51.391847+0000');
INSERT INTO "answers" VALUES(13,NULL,NULL,NULL,0,4,NULL,NULL,NULL,NULL,'2013-05-20 20:02:35.033583+0000','2013-05-20 20:03:51.394560+0000');
INSERT INTO "answers" VALUES(14,'','',NULL,1,5,NULL,NULL,NULL,NULL,'2013-05-20 20:04:43.723958+0000','2013-05-20 20:05:46.501445+0000');
INSERT INTO "answers" VALUES(15,NULL,NULL,NULL,0,5,NULL,NULL,NULL,NULL,'2013-05-20 20:04:43.731592+0000','2013-05-20 20:05:46.504590+0000');
INSERT INTO "answers" VALUES(16,NULL,NULL,NULL,NULL,5,NULL,NULL,NULL,NULL,'2013-05-20 20:04:43.739203+0000','2013-05-20 20:04:43.739203+0000');
INSERT INTO "answers" VALUES(18,'','',NULL,1,6,NULL,NULL,NULL,NULL,'2013-05-20 20:06:34.592148+0000','2013-05-20 20:07:50.667566+0000');
INSERT INTO "answers" VALUES(19,NULL,NULL,NULL,0,6,NULL,NULL,NULL,NULL,'2013-05-20 20:06:34.599627+0000','2013-05-20 20:07:50.670765+0000');
INSERT INTO "answers" VALUES(20,NULL,NULL,NULL,0,6,NULL,NULL,NULL,NULL,'2013-05-20 20:06:34.606706+0000','2013-05-20 20:07:50.673783+0000');
INSERT INTO "answers" VALUES(21,NULL,NULL,NULL,0,6,NULL,NULL,NULL,NULL,'2013-05-20 20:06:34.614268+0000','2013-05-20 20:07:50.676628+0000');
INSERT INTO "answers" VALUES(22,'É o menor número único mais próximo do número objetivo.','',NULL,1,7,NULL,NULL,NULL,NULL,'2013-05-20 20:09:13.028430+0000','2013-05-20 20:09:13.028430+0000');
INSERT INTO "answers" VALUES(23,NULL,NULL,NULL,0,7,NULL,NULL,NULL,NULL,'2013-05-20 20:09:13.036090+0000','2013-05-20 20:09:13.036090+0000');
INSERT INTO "answers" VALUES(24,NULL,NULL,NULL,0,7,NULL,NULL,NULL,NULL,'2013-05-20 20:09:13.043443+0000','2013-05-20 20:09:13.043443+0000');
INSERT INTO "answers" VALUES(25,NULL,NULL,NULL,0,7,NULL,NULL,NULL,NULL,'2013-05-20 20:09:13.050961+0000','2013-05-20 20:09:13.050961+0000');
CREATE TABLE `event_translations` (`id` integer PRIMARY KEY AUTOINCREMENT, `event_id` integer, `locale` varchar(255), `title` varchar(255), `headline` varchar(255), `prize` varchar(255), `description` text, `instruction` text, `created_at` timestamp NOT NULL, `updated_at` timestamp NOT NULL);
INSERT INTO "event_translations" VALUES(1,1,'pt-BR','ePick One','Evento numero 1!','iPhone','O site ePickOne está promovendo o primeiro evento promocional que dará a oportunidade de você ganhar um iPhone 5 novinho. Através deste evento, ela quer que você conheça um pouco mais sobre seus serviços.

Para participar, basta responder corretamente um Quiz sobre este evento e pronto! Você estará concorrendo a um lindo iPhone!

Sobre este evento:
ePickOne é um site que oferece aos seus usuários a oportunidade de possuírem produtos de grandes marcas, como bolsas, notebooks, e etc. Essas oportunidades serão oferecidas através de eventos, e em cada evento uma pessoa será premiada com algum produto pré-definido. 

Para participar é muito fácil, basta você se cadastrar e adquirir tickets de cada evento desejado.

Existem dois tipos de eventos, os promocionais e os pagos.

Nos eventos promocionais, os usuários ganham tickets gratuitamente após responder corretamente todas as perguntas de um questionário / quiz sobre algum breafing. 

E nos eventos Pagos, os usuários precisam comprar tickets para participar do evento. Estes eventos terão o número de participantes limitados de forma que as chances de ganhar o prêmio seja pré-determinado.

','','2013-05-19 15:39:52.838614+0000','2013-05-23 15:39:44.367249+0000');
INSERT INTO "event_translations" VALUES(2,1,'en-US','','','','','','2013-05-19 15:39:52.844731+0000','2013-05-19 15:39:52.854477+0000');
INSERT INTO "event_translations" VALUES(3,1,'pt-br',NULL,NULL,NULL,NULL,NULL,'2013-05-19 15:39:52.851341+0000','2013-05-19 15:39:52.851341+0000');
INSERT INTO "event_translations" VALUES(4,1,'pt',NULL,NULL,NULL,NULL,NULL,'2013-05-19 15:39:52.852315+0000','2013-05-19 15:39:52.852315+0000');
INSERT INTO "event_translations" VALUES(5,2,'pt-BR','ePick One','','','','','2013-05-19 16:43:31.686669+0000','2013-05-19 16:43:31.696873+0000');
INSERT INTO "event_translations" VALUES(6,2,'en-US','','','','','','2013-05-19 16:43:31.690031+0000','2013-05-19 16:43:31.697667+0000');
INSERT INTO "event_translations" VALUES(7,2,'pt-br',NULL,NULL,NULL,NULL,NULL,'2013-05-19 16:43:31.698540+0000','2013-05-19 16:43:31.698540+0000');
INSERT INTO "event_translations" VALUES(8,2,'pt',NULL,NULL,NULL,NULL,NULL,'2013-05-19 16:43:31.699295+0000','2013-05-19 16:43:31.699295+0000');
INSERT INTO "event_translations" VALUES(9,3,'pt-BR','ePick One 2','Segundo evento!','','','','2013-05-19 16:47:14.253123+0000','2013-05-23 15:40:15.265536+0000');
INSERT INTO "event_translations" VALUES(10,3,'en-US','','','','','','2013-05-19 16:47:14.259335+0000','2013-05-19 16:47:14.268957+0000');
INSERT INTO "event_translations" VALUES(11,3,'pt-br',NULL,NULL,NULL,NULL,NULL,'2013-05-19 16:47:14.265444+0000','2013-05-19 16:47:14.265444+0000');
INSERT INTO "event_translations" VALUES(12,3,'pt',NULL,NULL,NULL,NULL,NULL,'2013-05-19 16:47:14.266648+0000','2013-05-19 16:47:14.266648+0000');
INSERT INTO "event_translations" VALUES(13,4,'pt-BR','ePick One','','','','','2013-05-19 16:49:35.589336+0000','2013-05-19 16:49:35.600159+0000');
INSERT INTO "event_translations" VALUES(14,4,'en-US','','','','','','2013-05-19 16:49:35.592857+0000','2013-05-19 16:49:35.600849+0000');
INSERT INTO "event_translations" VALUES(15,4,'pt-br',NULL,NULL,NULL,NULL,NULL,'2013-05-19 16:49:35.601564+0000','2013-05-19 16:49:35.601564+0000');
INSERT INTO "event_translations" VALUES(16,4,'pt',NULL,NULL,NULL,NULL,NULL,'2013-05-19 16:49:35.602260+0000','2013-05-19 16:49:35.602260+0000');
CREATE TABLE `question_translations` (`id` integer PRIMARY KEY AUTOINCREMENT, `question_id` integer, `locale` varchar(255), `title` varchar(255), `description` text, `created_at` timestamp NOT NULL, `updated_at` timestamp NOT NULL);
INSERT INTO "question_translations" VALUES(1,1,'pt-BR','Questao nao Usar','','2013-05-19 15:38:35.620653+0000','2013-05-19 16:04:19.370357+0000');
INSERT INTO "question_translations" VALUES(2,1,'en-US','','','2013-05-19 15:38:35.624355+0000','2013-05-19 15:38:35.631850+0000');
INSERT INTO "question_translations" VALUES(3,1,'pt-br',NULL,NULL,'2013-05-19 15:38:35.632525+0000','2013-05-19 15:38:35.632525+0000');
INSERT INTO "question_translations" VALUES(4,1,'pt',NULL,NULL,'2013-05-19 15:38:35.633222+0000','2013-05-19 15:38:35.633222+0000');
INSERT INTO "question_translations" VALUES(5,2,'pt-BR','Quais tipos de eventos existem?','','2013-05-19 16:04:44.367066+0000','2013-05-20 19:59:17.934626+0000');
INSERT INTO "question_translations" VALUES(6,2,'en-US','','','2013-05-19 16:04:44.370545+0000','2013-05-19 16:04:44.378023+0000');
INSERT INTO "question_translations" VALUES(7,2,'pt-br',NULL,NULL,'2013-05-19 16:04:44.378821+0000','2013-05-19 16:04:44.378821+0000');
INSERT INTO "question_translations" VALUES(8,2,'pt',NULL,NULL,'2013-05-19 16:04:44.379526+0000','2013-05-19 16:04:44.379526+0000');
INSERT INTO "question_translations" VALUES(9,3,'pt-BR','Quanto custa o evento promocional?','','2013-05-20 20:00:29.320112+0000','2013-05-20 20:00:29.329608+0000');
INSERT INTO "question_translations" VALUES(10,3,'en-US','','','2013-05-20 20:00:29.323572+0000','2013-05-20 20:00:29.330290+0000');
INSERT INTO "question_translations" VALUES(11,3,'pt-br',NULL,NULL,'2013-05-20 20:00:29.330864+0000','2013-05-20 20:00:29.330864+0000');
INSERT INTO "question_translations" VALUES(12,3,'pt',NULL,NULL,'2013-05-20 20:00:29.331541+0000','2013-05-20 20:00:29.331541+0000');
INSERT INTO "question_translations" VALUES(13,4,'pt-BR','No evento pago, é possível não haver vencedor?','','2013-05-20 20:02:21.761515+0000','2013-05-20 20:02:21.770649+0000');
INSERT INTO "question_translations" VALUES(14,4,'en-US','','','2013-05-20 20:02:21.765061+0000','2013-05-20 20:02:21.771293+0000');
INSERT INTO "question_translations" VALUES(15,4,'pt-br',NULL,NULL,'2013-05-20 20:02:21.771874+0000','2013-05-20 20:02:21.771874+0000');
INSERT INTO "question_translations" VALUES(16,4,'pt',NULL,NULL,'2013-05-20 20:02:21.772493+0000','2013-05-20 20:02:21.772493+0000');
INSERT INTO "question_translations" VALUES(17,5,'pt-BR','O que é número objetivo de um evento?','','2013-05-20 20:04:26.767799+0000','2013-05-20 20:04:26.776529+0000');
INSERT INTO "question_translations" VALUES(18,5,'en-US','','','2013-05-20 20:04:26.770942+0000','2013-05-20 20:04:26.777161+0000');
INSERT INTO "question_translations" VALUES(19,5,'pt-br',NULL,NULL,'2013-05-20 20:04:26.777730+0000','2013-05-20 20:04:26.777730+0000');
INSERT INTO "question_translations" VALUES(20,5,'pt',NULL,NULL,'2013-05-20 20:04:26.778339+0000','2013-05-20 20:04:26.778339+0000');
INSERT INTO "question_translations" VALUES(21,6,'pt-BR','Qual é o número objetivo?','','2013-05-20 20:06:20.878053+0000','2013-05-20 20:06:20.886741+0000');
INSERT INTO "question_translations" VALUES(22,6,'en-US','','','2013-05-20 20:06:20.881198+0000','2013-05-20 20:06:20.887383+0000');
INSERT INTO "question_translations" VALUES(23,6,'pt-br',NULL,NULL,'2013-05-20 20:06:20.887968+0000','2013-05-20 20:06:20.887968+0000');
INSERT INTO "question_translations" VALUES(24,6,'pt',NULL,NULL,'2013-05-20 20:06:20.888582+0000','2013-05-20 20:06:20.888582+0000');
INSERT INTO "question_translations" VALUES(25,7,'pt-BR','O que é o número vencedor?','','2013-05-20 20:09:12.993077+0000','2013-05-20 20:09:13.023971+0000');
INSERT INTO "question_translations" VALUES(26,7,'en-US','','','2013-05-20 20:09:12.996321+0000','2013-05-20 20:09:13.024605+0000');
INSERT INTO "question_translations" VALUES(27,7,'pt-br',NULL,NULL,'2013-05-20 20:09:13.025186+0000','2013-05-20 20:09:13.025186+0000');
INSERT INTO "question_translations" VALUES(28,7,'pt',NULL,NULL,'2013-05-20 20:09:13.025803+0000','2013-05-20 20:09:13.025803+0000');
CREATE TABLE `user_sessions` (`id` integer PRIMARY KEY AUTOINCREMENT, `created_at` timestamp NOT NULL, `updated_at` timestamp NOT NULL);
CREATE TABLE `carts` (`id` integer PRIMARY KEY AUTOINCREMENT, `user_id` integer, `purchased_at` timestamp, `created_at` timestamp NOT NULL, `updated_at` timestamp NOT NULL);
INSERT INTO "carts" VALUES(1,1,'2013-05-20 15:41:20.714849+0000','2013-05-19 14:03:10.301748+0000','2013-05-20 15:41:20.715489+0000');
INSERT INTO "carts" VALUES(2,2,'2013-05-23 00:42:39.688223+0000','2013-05-20 11:18:55.571496+0000','2013-05-23 00:42:39.688579+0000');
INSERT INTO "carts" VALUES(3,1,'2013-05-23 00:41:36.401396+0000','2013-05-20 15:41:20.930985+0000','2013-05-23 00:41:36.402041+0000');
INSERT INTO "carts" VALUES(4,1,NULL,'2013-05-23 00:41:36.660362+0000','2013-05-23 00:41:36.660362+0000');
INSERT INTO "carts" VALUES(5,2,NULL,'2013-05-23 00:42:39.945746+0000','2013-05-23 00:42:39.945746+0000');
INSERT INTO "carts" VALUES(6,3,NULL,'2013-05-26 16:02:54.024794','2013-05-26 16:02:54.024794');
CREATE TABLE `events` (`id` integer PRIMARY KEY AUTOINCREMENT, `category_id` integer, `quiz_id` integer, `title` varchar(255), `headline` varchar(255), `prize` varchar(255), `site_position` varchar(255), `description` text, `instruction` text, `join_min` integer, `join_max` integer, `enable` boolean, `covering_area` varchar(255), `join_type` varchar(255), `price_ticket` numeric, `date_due` timestamp, `date_start` timestamp, `avatar_file_name` varchar(255), `avatar_content_type` varchar(255), `avatar_file_size` integer, `avatar_updated_at` timestamp, `created_at` timestamp NOT NULL, `updated_at` timestamp NOT NULL);
INSERT INTO "events" VALUES(1,3,2,'ePick One','The new event','iPhone','','','',NULL,NULL,'t','','promo',0,'2013-05-31 03:00:00.000000','2013-05-15 03:00:00.000000','iphone_avatar.png','image/png',167346,'2013-05-19 15:39:52.600311+0000','2013-05-19 15:39:52.848802+0000','2013-05-26 15:56:50.099957');
INSERT INTO "events" VALUES(2,3,2,'ePick One','','','','','',NULL,NULL,'t','','promo',0,'2013-05-14 03:00:00.000000+0000','2013-05-01 03:00:00.000000+0000','Ipad.jpg','image/jpeg',5742,'2013-05-19 16:43:49.697984+0000','2013-05-19 16:43:31.695086+0000','2013-05-19 21:38:41.030849+0000');
INSERT INTO "events" VALUES(3,3,2,'ePick One','','','','','',NULL,NULL,'t','','promo',NULL,'2013-06-14 03:00:00.000000+0000','2013-06-01 03:00:00.000000+0000','Ipad.jpg','image/jpeg',5742,'2013-05-19 16:47:14.109650+0000','2013-05-19 16:47:14.263247+0000','2013-05-19 21:38:54.101931+0000');
INSERT INTO "events" VALUES(4,3,2,'ePick One','','','','','',NULL,NULL,'t','','promo',NULL,'2013-06-30 03:00:00.000000+0000','2013-06-15 03:00:00.000000+0000',NULL,NULL,NULL,NULL,'2013-05-19 16:49:35.598566+0000','2013-05-19 21:39:06.611719+0000');
CREATE TABLE `questions` (`id` integer PRIMARY KEY AUTOINCREMENT, `quiz_id` integer, `title` varchar(255), `description` text, `order` integer, `style` varchar(255), `question_type` varchar(255), `avatar_file_name` varchar(255), `avatar_content_type` varchar(255), `avatar_file_size` integer, `avatar_updated_at` timestamp, `created_at` timestamp NOT NULL, `updated_at` timestamp NOT NULL);
INSERT INTO "questions" VALUES(1,1,'Primeira questao','',NULL,'',NULL,NULL,NULL,NULL,NULL,'2013-05-19 15:38:35.627082+0000','2013-05-19 16:04:19.380398+0000');
INSERT INTO "questions" VALUES(2,2,'Questao 1','',1,'',NULL,NULL,NULL,NULL,NULL,'2013-05-19 16:04:44.373032+0000','2013-05-20 19:59:17.956207+0000');
INSERT INTO "questions" VALUES(3,2,'Quanto custa o evento promocional?','',2,'',NULL,NULL,NULL,NULL,NULL,'2013-05-20 20:00:29.326018+0000','2013-05-20 20:00:29.326018+0000');
INSERT INTO "questions" VALUES(4,2,'No evento pago, é possível não haver vencedor?','',3,'',NULL,NULL,NULL,NULL,NULL,'2013-05-20 20:02:21.767206+0000','2013-05-20 20:02:21.767206+0000');
INSERT INTO "questions" VALUES(5,2,'O que é número objetivo de um evento?','',4,'',NULL,NULL,NULL,NULL,NULL,'2013-05-20 20:04:26.773160+0000','2013-05-20 20:04:26.773160+0000');
INSERT INTO "questions" VALUES(6,2,'Qual é o número objetivo?','',5,'',NULL,NULL,NULL,NULL,NULL,'2013-05-20 20:06:20.883461+0000','2013-05-20 20:06:20.883461+0000');
INSERT INTO "questions" VALUES(7,2,'O que é o número vencedor?','',NULL,'',NULL,NULL,NULL,NULL,NULL,'2013-05-20 20:09:13.020630+0000','2013-05-20 20:09:13.020630+0000');
CREATE TABLE `schema_migrations` (`version` varchar(255) NOT NULL);
INSERT INTO "schema_migrations" VALUES('20121019161818');
INSERT INTO "schema_migrations" VALUES('20121019163246');
INSERT INTO "schema_migrations" VALUES('20121020021433');
INSERT INTO "schema_migrations" VALUES('20121021200719');
INSERT INTO "schema_migrations" VALUES('20121021201034');
INSERT INTO "schema_migrations" VALUES('20121025165412');
INSERT INTO "schema_migrations" VALUES('20121025165413');
INSERT INTO "schema_migrations" VALUES('20121028131701');
INSERT INTO "schema_migrations" VALUES('20121029023147');
INSERT INTO "schema_migrations" VALUES('20121029144441');
INSERT INTO "schema_migrations" VALUES('20121118032014');
INSERT INTO "schema_migrations" VALUES('20121122014512');
INSERT INTO "schema_migrations" VALUES('20121122032019');
INSERT INTO "schema_migrations" VALUES('20121122032037');
INSERT INTO "schema_migrations" VALUES('20121128182137');
INSERT INTO "schema_migrations" VALUES('20121128183831');
INSERT INTO "schema_migrations" VALUES('20130519114456');
INSERT INTO "schema_migrations" VALUES('20130520180100');
CREATE TABLE `active_admin_comments` (`id` integer PRIMARY KEY AUTOINCREMENT, `resource_id` varchar(255) NOT NULL, `resource_type` varchar(255) NOT NULL, `author_id` integer, `author_type` varchar(255), `body` text, `created_at` timestamp NOT NULL, `updated_at` timestamp NOT NULL, `namespace` varchar(255));
CREATE TABLE `categories` (`id` integer PRIMARY KEY AUTOINCREMENT, `parent_id` integer, `title` varchar(255), `description` text, `order` integer, `avatar_file_name` varchar(255), `avatar_content_type` varchar(255), `avatar_file_size` integer, `avatar_updated_at` timestamp, `created_at` timestamp NOT NULL, `updated_at` timestamp NOT NULL);
INSERT INTO "categories" VALUES(1,NULL,'Homem','',NULL,NULL,NULL,NULL,NULL,'2013-05-19 16:06:01.203249+0000','2013-05-19 16:06:01.203249+0000');
INSERT INTO "categories" VALUES(2,NULL,'Mulher','',NULL,NULL,NULL,NULL,NULL,'2013-05-19 16:06:13.911201+0000','2013-05-19 16:06:13.911201+0000');
INSERT INTO "categories" VALUES(3,NULL,'Unisex','',NULL,NULL,NULL,NULL,NULL,'2013-05-19 16:06:23.653844+0000','2013-05-19 16:06:23.653844+0000');
CREATE TABLE `payment_notifications` (`id` integer PRIMARY KEY AUTOINCREMENT, `params` text, `cart_id` integer, `status` varchar(255), `transaction_id` varchar(255), `created_at` timestamp NOT NULL, `updated_at` timestamp NOT NULL);
CREATE TABLE `quizzes` (`id` integer PRIMARY KEY AUTOINCREMENT, `title` varchar(255), `created_at` timestamp NOT NULL, `updated_at` timestamp NOT NULL);
INSERT INTO "quizzes" VALUES(1,'Nao usar','2013-05-19 14:03:44.744949+0000','2013-05-19 16:03:26.349107+0000');
INSERT INTO "quizzes" VALUES(2,'ePick One','2013-05-19 15:37:27.270103+0000','2013-05-19 16:03:41.624500+0000');
CREATE TABLE `users` (`id` integer PRIMARY KEY AUTOINCREMENT, `email` varchar(255), `crypted_password` varchar(255), `password_salt` varchar(255), `persistence_token` varchar(255), `perishable_token` varchar(255) NOT NULL DEFAULT '', `active` boolean NOT NULL DEFAULT 'f', `current_login_ip` varchar(255), `first_name` varchar(255), `last_name` varchar(255), `document` varchar(255), `gender` varchar(255), `title` varchar(255), `birthday` timestamp, `city` varchar(255), `state` varchar(255), `country` varchar(255), `address1` varchar(255), `address2` varchar(255), `zipcode` varchar(255), `phone_mobile` varchar(255), `admin_flag` boolean DEFAULT 'f', `avatar_file_name` varchar(255), `avatar_content_type` varchar(255), `avatar_file_size` integer, `avatar_updated_at` timestamp, `locale` varchar(255), `facebook_uid` varchar(255), `oauth_token` varchar(255), `oauth_expires_at` timestamp, `provider` varchar(255), `avatar_url` varchar(255), `twitter_uid` varchar(255), `twitter_oauth_token` varchar(255), `twitter_oauth_secret` varchar(255), `twitter_oauth_expires_at` timestamp, `created_at` timestamp NOT NULL, `updated_at` timestamp NOT NULL, `newsletter` boolean DEFAULT 't');
INSERT INTO "users" VALUES(1,'marcello@gmail.com','4eafdbaa7e9ebf13aa1c0c77af16f6bc55631da50fe0aff9bd8a7ad5cfbbf04b369051724ed6778eba17bbd0d1fbc0d8157ee7bc4207b1247aef66a7d250ba77','aBdaTcn4YBkkErUlM83B','742877b125ed97828b722b57a506149da2018e6b9053f5ea191d339163518f15a973a59d7674970063dd9dd4f6bdc4839af58877b7c07b91f485fbe7fcc5e8da','FIgGDZoewAGQS3sS8LBD','t','127.0.0.1','Marcello','','','','','2013-05-20 03:00:00.000000+0000','Sao Paulo','','BR','','','','0864472499','t',NULL,NULL,NULL,NULL,NULL,NULL,NULL,NULL,NULL,NULL,NULL,NULL,NULL,NULL,'2013-05-19 12:36:42.483206+0000','2013-05-26 15:46:03.383739','t');
INSERT INTO "users" VALUES(2,'marcellokazuo@gmail.com','a764e661da9804fb8d45a51be2e855b3284ed5faebca2370184c735be32d1f4e69f66605e7397f70bac60d86317b47d85a2f87b2a58f8889825cd82561feb4d0','yRuevEykkcIHlhkprlS','170fd16dd0399c5530014ded42be54c9c7676834ea7d93f2708cf28f24909ca867805cd8dc17215e5ed61470607d39ea364848a06c4989be07c5a634543f5e65','inSQIVaq0hnfpXJ3s8Pn','t','212.129.92.92','Marcello','Miyajima',NULL,'Masculino',NULL,NULL,NULL,NULL,NULL,NULL,NULL,NULL,'08272766','f',NULL,NULL,NULL,NULL,NULL,'1257301107',NULL,NULL,NULL,NULL,NULL,NULL,NULL,NULL,'2013-05-20 11:16:21.667938+0000','2013-05-23 15:36:21.783919+0000','t');
INSERT INTO "users" VALUES(3,'marcello@keepinvest.com.br','2259d4a13feef6ca1af5f2c30701de2feb201367740810305c26c07e3deb155f65ec1f0c9d0ddde92fc265fbb42249dfc5bcb70c124ae2cd659d06f18cf7d21b','LlZaB8NuJ0CkO0NBNF7n','8938c92fb6b2291fa53ea37dc1dfa342a7dd20fc4de6deaee1f1d6d3d2daeeac5258ee07b05644ac65ced5a7cfe2b2ad1567ae3c8baf759fb493448dfa3c5cb0','nDTSKoOFAkI1ubi7KS6','t','127.0.0.1','Mar','Lala',NULL,'mas',NULL,NULL,NULL,NULL,NULL,NULL,NULL,NULL,'9339','f',NULL,NULL,NULL,NULL,NULL,NULL,NULL,NULL,NULL,NULL,NULL,NULL,NULL,NULL,'2013-05-26 16:00:45.635556','2013-05-26 16:02:48.865424','t');
DELETE FROM sqlite_sequence;
INSERT INTO "sqlite_sequence" VALUES('tickets',4);
INSERT INTO "sqlite_sequence" VALUES('answer_translations',100);
INSERT INTO "sqlite_sequence" VALUES('category_translations',12);
INSERT INTO "sqlite_sequence" VALUES('photos',2);
INSERT INTO "sqlite_sequence" VALUES('answers',25);
INSERT INTO "sqlite_sequence" VALUES('event_translations',16);
INSERT INTO "sqlite_sequence" VALUES('question_translations',28);
INSERT INTO "sqlite_sequence" VALUES('carts',6);
INSERT INTO "sqlite_sequence" VALUES('events',4);
INSERT INTO "sqlite_sequence" VALUES('questions',7);
INSERT INTO "sqlite_sequence" VALUES('categories',3);
INSERT INTO "sqlite_sequence" VALUES('quizzes',2);
INSERT INTO "sqlite_sequence" VALUES('users',3);
CREATE INDEX `index_answer_translations_on_answer_id` ON `answer_translations` (`answer_id`);
CREATE INDEX `index_answer_translations_on_locale` ON `answer_translations` (`locale`);
CREATE INDEX `index_category_translations_on_category_id` ON `category_translations` (`category_id`);
CREATE INDEX `index_category_translations_on_locale` ON `category_translations` (`locale`);
CREATE INDEX `index_photos_on_photable_id_and_photable_type` ON `photos` (`photable_id`, `photable_type`);
CREATE INDEX `index_event_translations_on_event_id` ON `event_translations` (`event_id`);
CREATE INDEX `index_event_translations_on_locale` ON `event_translations` (`locale`);
CREATE INDEX `index_question_translations_on_locale` ON `question_translations` (`locale`);
CREATE INDEX `index_question_translations_on_question_id` ON `question_translations` (`question_id`);
CREATE INDEX `index_events_on_category_id_and_created_at` ON `events` (`category_id`, `created_at`);
CREATE UNIQUE INDEX `unique_schema_migrations` ON `schema_migrations` (`version`);
CREATE INDEX `index_active_admin_comments_on_author_type_and_author_id` ON `active_admin_comments` (`author_type`, `author_id`);
CREATE INDEX `index_active_admin_comments_on_namespace` ON `active_admin_comments` (`namespace`);
CREATE INDEX `index_admin_notes_on_resource_type_and_resource_id` ON `active_admin_comments` (`resource_type`, `resource_id`);
CREATE INDEX `index_users_on_perishable_token_and_email` ON `users` (`perishable_token`, `email`);
CREATE UNIQUE INDEX `index_users_on_phone_mobile` ON `users` (`phone_mobile`);
COMMIT;
